Address,Postcode
"46 South Lawn, Witney",OX28 5HX
"10 Brookside, Hornchurch",RM11 2RS
"158 Sewerby Road, Bridlington",YO16 6UP
"22 Market Place, Gainsborough",DN21 2BZ
"Roslyn Cottage, West Street, Dormansland",RH7 6QR
"Flat 2, 33 - 34 Eccleston Square, London",SW1V 1PB
"1 Ezel Court, Heol Glan Rheidol, Cardiff",CF10 5NS
"42 Eastern Road, London",N2 9LA
"9 Belvedere Close, Kingswinford",DY6 8PW
"97 Lindsey Street, Epping",CM16 6RD
"Knoll View, Bleadon Road, Bleadon",BS24 0PS
"1 Police Houses, Aberdare",CF44 0UH
"Weycroft Hall, Weycroft",EX13 7LL
"11 Howe Road, Norton",YO17 9BH
"Flat 11, Leeward Court, Asher Way, London",E1W 2JY
"115 Woodford Avenue, Plymouth",PL7 4QS
"5 Nant Y Mount, Capel Y Graig",LL57 2SQ
"Rose Cottage, Dottery",DT6 5HS
"5 Harrison Close, Cheslyn Hay",WS6 7PD
"16 Millais, Horsham",RH13 6BS
"78 Dalewood Avenue, Sheffield",S8 0EH
"4 Brentwood Avenue, Sheffield",S11 9BT
"53 Harrot Hill, Cockermouth",CA13 0BL
"5 Melplash Road, Ipswich",IP3 8QL
"6 Farndale Gardens, Shildon",DL4 2LZ
"17 Maes Padrig, Cemaes Bay",LL67 0EY
"165 Lily Hill Street, Whitefield",M45 7SP
"Laurel Cottage, White Farm Road, Alltami",CH7 6HG
"4 Plover Close, Sandown",PO36 9QW
"12 Barnsdale Road, Reading",RG2 7JN
"The Rookery, Dell Lane, Little Hallingbury",CM22 7SQ
"36 Churchfields, Broxbourne",EN10 7JP
"4 Stanley Park Court, Saltney",CH4 8QA
"32 Westville Road, Thames Ditton",KT7 0UJ
"2 Church View, Penmachno",LL24 0UR
"42B Fauconberg Road, London",W4 3JU
"13 The Wamses, Beadnell",NE67 5BL
"3 Edgemoor Road, West Moors",BH22 0DD
"56 Tiverton Road, Cullompton",EX15 1HT
"The Jays, Brookstones, Sydenham",OX39 4NA
"307 Firs Lane, London",N13 5QH
"22 Hill Rise, Romiley",SK6 3AP
"76 Carlisle Road, Bradford",BD8 8BD
"Coton Villa, Haunch Lane, Lea Marston",B76 0BX
"Flat 1, The Linen House, Castle Street, Canterbury",CT1 2QT
"96 Bedwellty Road, Aberbargoed",CF81 9BA
"45 Bradmore Way, Brookmans Park",AL9 7QY
"118 Ogley Road, Walsall",WS8 6BD
"4 Priory Lodge, Nightingale Place, Rickmansworth",WD3 7DG